Nom_Plante,Images_Plante
Daucus_carota,9012
Alliaria_petiolata,7922
Hypericum_perforatum,7675
Centranthus_ruber,6670
Cirsium_vulgare,6474
Trifolium_pratense,6330
Calendula_officinalis,6047
Lamium_purpureum,5628
Alcea_rosea,5357
Papaver_rhoeas,5009
Fragaria_vesca,4828
Cirsium_arvense,4275
Anemone_nemorosa,4236
Trifolium_repens,4193
Pyracantha_coccinea,3980
Lactuca_serriola,3791
Punica_granatum,3514
Lapsana_communis,3485
Lavandula_angustifolia,3424
Lamium_galeobdolon,3424
Cymbalaria_muralis,3376
Sedum_album,3086
Papaver_somniferum,3061
Aegopodium_podagraria,2983
Tagetes_erecta,2914
Lupinus_polyphyllus,2806
Anthurium_andraeanum,2803
Anemone_hupehensis,2751
Liriodendron_tulipifera,2627
Humulus_lupulus,2511
Trachelospermum_jasminoides,2442
Hypericum_calycinum,2429
Anemone_hepatica,2375
Tradescantia_zebrina,2225
Tradescantia_pallida,2220
Pelargonium_zonale,2204
Angelica_sylvestris,2197
Zamioculcas_zamiifolia,2164
Pelargonium_graveolens,2146
Sedum_acre,2126
Lamium_maculatum,2108
Lamium_album,2088
Perovskia_atriplicifolia,1997
Schefflera_arboricola,1974
Sedum_sediforme,1964
Lavandula_stoechas,1918
Ophrys_apifera,1881
Cucurbita_pepo,1802
Melilotus_albus,1724
Hypericum_androsaemum,1699
Anemone_alpina,1686
Trifolium_incarnatum,1651
Sedum_rupestre,1629
Helminthotheca_echioides,1615
Mercurialis_annua,1532
Smilax_aspera,1477
Tradescantia_virginiana,1400
Barbarea_vulgaris,1340
Fittonia_albivenis,1322
Tradescantia_fluminensis,1302
Dryopteris_filix-mas,1291
Pancratium_maritimum,1290
Acacia_dealbata,1285
Pelargonium_inquinans,1278
Tagetes_patula,1261
Kniphofia_uvaria,1212
Epipactis_helleborine,1168
Tradescantia_spathacea,1155
Nandina_domestica,1155
Nymphaea_alba,1131
Pelargonium_zonale,1114
Cucurbita_maxima,1113
Papaver_orientale,1093
Hypericum_x_hidcoteense,1045
Lamium_amplexicaule,1031
Chaerophyllum_temulum,994
Cirsium_eriophorum,982
Calendula_arvensis,936
Althaea_officinalis,932
Lactuca_sativa,928
Anthericum_liliago,926
Daphne_mezereum,916
Daphne_gnidium,914
Mercurialis_perennis,910
Trifolium_campestre,905
Cirsium_palustre,889
Lavandula_dentata,882
Cirsium_oleraceum,853
Anemone_coronaria,847
Sedum_palmeri,831
Lamium_hybridum,827
Daphne_laureola,827
Trifolium_arvense,812
Anemone_pulsatilla,808
Melilotus_officinalis,788
Trifolium_dubium,778
Sedum_dasyphyllum,776
Sedum_palmeri,760
Lactuca_muralis,715
Melilotus_indicus,708
Nephrolepis_exaltata,688
Phalaris_arundinacea,679
Kniphofia_uvaria,672
Lupinus_angustifolius,662
Alliaria_petiolata,652
Lactuca_perennis,641
Sedum_morganianum,630
Hebe_salicifolia,628
Sedum_adolphii,624
Dendrobium_nobile,616
Thapsia_villosa,608
Anemone_ranunculoides,599
Lithodora_fruticosa,593
Anemone_sylvestris,591
Anemone_blanda,570
Lathraea_clandestina,564
Schefflera_actinophylla,540
Galega_officinalis,536
Hippophae_rhamnoides,526
Peperomia_obtusifolia,522
Papaver_dubium,514
Metasequoia_glyptostroboides,514
Adenostyles_alpina,500
Lavandula_latifolia,475
Ophrys_scolopax,451
Alocasia_sanderiana,447
Epipactis_atrorubens,444
Sedum_rubrotinctum,440
Anemone_hortensis,439
Maianthemum_bifolium,435
Neotinea_ustulata,433
Lactuca_virosa,421
Dryas_octopetala,413
Trifolium_stellatum,413
Trifolium_angustifolium,411
Cucurbita_moschata,407
Schefflera_actinophylla,404
Ophrys_fuciflora,397
Osmunda_regalis,390
Cenchrus_setaceus,387
Papaver_alpinum,384
Butomus_umbellatus,380
Lactuca_alpina,378
Nephrolepis_cordifolia,377
Limbarda_crithmoides,366
Vaccaria_hispanica,366
Trifolium_alpinum,365
Hypericum_maculatum,363
Calycanthus_floridus,360
Alocasia_macrorrhizos,350
Lathraea_squamaria,341
Sedum_spathulifolium,335
Peperomia_caperata,334
Adenostyles_alliariae,331
Carthamus_lanatus,327
Cirsium_acaulon,327
Tradescantia_sillamontana,326
Acacia_retinodes,325
Sedum_sexangulare,324
Barbarea_verna,321
Sedum_burrito,319
Fragaria_viridis,319
Sedum_pachyphyllum,314
Hypericum_hirsutum,309
Epipactis_palustris,307
Trifolium_medium,306
Casuarina_cunninghamiana,305
Trifolium_rubens,304
Tradescantia_pallida,303
Fragaria_x_ananassa,302
Hyoscyamus_niger,302
Acalypha_wilkesiana,299
Angelica_archangelica,298
Telekia_speciosa,295
Althaea_cannabina,294
Ophrys_aranifera,293
Hyoscyamus_albus,293
Secale_cereale,292
Papaver_argemone,291
Chaerophyllum_hirsutum,290
Peperomia_magnoliifolia,288
Cereus_jamacaru,287
Aphelandra_squarrosa,285
Phedimus_spurius,275
Gomphocarpus_physocarpus,275
Morinda_citrifolia,274
Ophrys_lutea,273
Cirsium_spinosissimum,273
Erucastrum_incanum,272
Peperomia_serpens,267
Liriope_muscari,256
Anemone_narcissiflora,254
Hypericum_patulum,252
Couroupita_guianensis,251
Ophrys_insectifera,251
Maianthemum_racemosum,248
Honckenya_peploides,243
Trifolium_montanum,235
Calendula_arvensis,235
Asystasia_gangetica,235
Trifolium_hybridum,233
Carthamus_tinctorius,233
Sedum_forsterianum,232
Maianthemum_canadense,231
Selenicereus_anthonyanus,227
Daphne_cneorum,226
Erechtites_hieraciifolius,225
Cirsium_heterophyllum,225
Anemone_vernalis,225
Lactuca_plumieri,221
Pelargonium_x_hybridum,219
Duchesnea_indica,218
Meum_athamanticum,214
Empetrum_nigrum,213
Myosoton_aquaticum,212
Trifolium_resupinatum,210
Moehringia_ciliata,205
Trifolium_aureum,205
Sedum_nussbaumerianum,202
Pelargonium_peltatum,202
Loropetalum_chinense,201
Sedum_hispanicum,201
Peperomia_argyreia,199
Melilotus_officinalis,198
Peperomia_obtusifolia,194
Anthericum_ramosum,191
Tradescantia_ohiensis,185
Acalypha_hispida,184
Trifolium_alpestre,183
Neotinea_tridentata,182
Conoclinium_coelestinum,181
Phedimus_aizoon,177
Anemone_canadensis,175
Centranthus_angustifolius,175
Aralia_nudicaulis,173
Cytinus_hypocistis,171
Trifolium_badium,169
Tradescantia_zebrina,169
Duchesnea_indica,168
Hypericum_tetrapterum,167
Viscaria_vulgaris,166
Freesia_refracta,165
Trifolium_fragiferum,165
Adonis_vernalis,164
Pilosocereus_pachycladus,163
Nephrolepis_biserrata,161
Hyoseris_radiata,161
Lithops_pseudotruncatella,160
Peperomia_pellucida,160
Breynia_disticha,159
Lamium_maculatum,158
Falcaria_vulgaris,157
Atocion_rupestre,156
Cirsium_palustre,156
Anemone_apennina,155
Ophrys_passionis,152
Clethra_alnifolia,151
Holodiscus_discolor,150
Oncostema_peruviana,150
Sedum_anglicum,148
Narthecium_ossifragum,147
Mertensia_virginica,147
Smilax_rotundifolia,146
Acalypha_virginica,145
Sedum_clavatum,144
Mussaenda_erythrophylla,144
Adonis_annua,143
Ophrys_fusca,143
Mussaenda_philippica,143
Lagenaria_siceraria,142
Cirsium_erisithales,142
Hypericum_hircinum,141
Cereus_hexagonus,139
Diascia_rigescens,137
Smilax_bona-nox,136
Freesia_alba,135
Papaver_hybridum,135
Gynura_aurantiaca,135
Hypericum_humifusum,134
Ophrys_tenthredinifera,132
Sedum_sarmentosum,132
Ophrys_bertolonii,132
Centranthus_calcitrapae,131
Alocasia_cucullata,131
Lupinus_arboreus,131
Acacia_mearnsii,130
Acacia_longifolia,130
Sedum_kamtschaticum,129
Ophrys_speculum,129
Pelargonium_x_hortorum,129
Lactuca_viminea,128
Cirsium_rivulare,127
Tradescantia_cerinthoides,126
Casuarina_equisetifolia,124
Berula_erecta,124
Peperomia_ferreyrae,123
Kigelia_africana,123
Hebe_andersonii,121
Peperomia_albovittata,121
Sedum_makinoi,121
Guizotia_abyssinica,120
Tagetes_minuta,120
Calendula_arvensis,120
Papaver_pseudoorientale,120
Trimezia_martinicensis,118
Sedum_ochroleucum,118
Sedum_hirsutum,116
Phyllanthus_tenellus,115
Adonis_aestivalis,114
Cereus_repandus,114
Sedum_lineare,114
Nephrolepis_cordifolia,112
Peperomia_rotundifolia,112
Cirsium_monspessulanum,112
Peperomia_polybotrya,108
Acalypha_indica,108
Phalaris_canariensis,107
Barringtonia_asiatica,107
Pelargonium_x_hortorum,107
Moehringia_trinervia,106
Aralia_elata,106
Hebe_andersonii,106
Lamium_orvala,105
Acacia_melanoxylon,104
Cytinus_ruber,104
Achyranthes_aspera,103
Lactuca_virosa,102
Sedum_caeruleum,101
Pyracantha_coccinea,101
Freesia_refracta,101
Lycoris_squamigera,99
Calendula_stellata,99
Othonna_capensis,99
Sagittaria_latifolia,99
Sedum_cepaea,99
Erucastrum_nasturtiifolium,98
Melilotus_altissimus,96
Perovskia_abrotanoides,95
Triadica_sebifera,95
Nymphaea_candida,94
Moehringia_muscosa,94
Sedum_japonicum,94
Hypericum_pulchrum,93
Adenostyles_leucophylla,92
Nymphoides_peltata,92
Anemone_rubra,91
Lycoris_radiata,90
Phyllanthus_amarus,90
Lupinus_luteus,88
Fragaria_moschata,86
Chaerophyllum_aureum,86
Trifolium_purpureum,85
Tagetes_tenuifolia,84
Lamium_flexuosum,83
Noccaea_rotundifolia,83
Phyllanthus_urinaria,83
Lupinus_albus,83
Alcea_biennis,83
Carthamus_mitissimus,82
Sedum_atratum,82
Gomphocarpus_fruticosus,82
Ophrys_virescens,81
Crotalaria_retusa,81
Sedum_rubens,81
Fragaria_chiloensis,81
Sagittaria_sagittifolia,81
Pelargonium_peltatum,80
Nymphaea_odorata,80
Sedum_brevifolium,79
Dendrobium_victoriae-reginae,79
Sedum_mexicanum,79
Daphne_alpina,79
Anthurium_clarinervium,79
Diervilla_lonicera,79
Cobaea_scandens,78
Hypericum_richeri,77
Tradescantia_zebrina,76
Pongamia_pinnata,76
Alocasia_longiloba,76
Lithops_spp.,75
Osmunda_claytoniana,73
Mertensia_maritima,72
Cyanotis_somaliensis,72
Lupinus_albifrons,71
Acacia_baileyana,71
Pereskia_grandifolia,71
Lavandula_multifida,71
Bismarckia_nobilis,71
Papaver_nudicaule,71
Anemone_virginiana,70
Maianthemum_stellatum,70
Acacia_saligna,69
Angelica_atropurpurea,67
Barbarea_orthoceras,67
Dryopteris_intermedia,66
Chaerophyllum_bulbosum,64
Hepatica_nobilis,64
Alocasia_zebrina,63
Hypericum_perfoliatum,62
Lactuca_alpina,62
Hypericum_lanceolatum,62
Zamia_furfuracea,62
Cenchrus_longisetus,61
Sedum_ternatum,61
Nothofagus_antarctica,61
Daphne_odora,61
Freesia_x_hybrida,61
Pereskia_aculeata,60
Gymnosporia_putterlickioides,60
Mercurialis_tomentosa,60
Pereskia_bleo,60
Trifolium_tomentosum,59
Liriope_muscari,59
Alocasia_odora,59
Alocasia_micholitziana,59
Strongylodon_macrobotrys,59
Sedum_dendroideum,59
Cirsium_tuberosum,58
Aralia_spinosa,58
Pancratium_illyricum,57
Acacia_pycnantha,57
Bocoa_prouacensis,56
Hypericum_montanum,55
Peperomia_quadrangularis,54
Nymphaea_nouchali,54
Pyracantha_rogersiana,53
Carthamus_carduncellus,52
Leucophyta_brownii,52
Ophrys_lupercalis,52
Lactuca_floridana,52
Trifolium_ochroleucon,51
Lactuca_canadensis,51
Peperomia_prostrata,51
Dryopteris_carthusiana,50
Garrya_elliptica,50
Acacia_heterophylla,50
Phyllanthus_acidus,50
Geropogon_hybridus,49
Oreopteris_limbosperma,48
Dierama_pulcherrimum,48
Dryopteris_affinis,48
Tetraclinis_articulata,47
Hypericum_olympicum,47
Petiveria_alliacea,47
Cenchrus_ciliaris,46
Aralia_racemosa,46
Erucastrum_gallicum,46
Ophrys_araneola,45
Anemone_baldensis,45
Trifolium_hirtum,45
Vanilla_planifolia,45
Crotalaria_pallida,45
Collomia_grandiflora,44
Dorotheanthus_bellidiformis,44
Prosopis_glandulosa,44
Anthurium_hookeri,44
Anemone_trifolia,44
Nepenthes_vieillardii,43
Melampodium_divaricatum,43
Cryptostegia_madagascariensis,43
Oldenlandia_corymbosa,43
Hypericum_annulatum,42
Rumohra_adiantiformis,42
Noccaea_caerulescens,42
Gynura_aurantiaca,42
Trifolium_subterraneum,41
Pelargonium_grandiflorum,41
Hypericum_nummularium,41
Limnanthes_douglasii,40
Phalaris_aquatica,40
Daphne_striata,39
Centranthus_lecoqii,39
Thesium_humifusum,39
Dalea_purpurea,39
Nothofagus_dombeyi,39
Sedum_praealtum,39
Dryopteris_erythrosora,39
Luffa_acutangula,38
Papaver_croceum,38
Cirsium_texanum,38
Ophrys_arachnitiformis,37
Neotinea_lactea,36
Fittonia_albivenis,36
Hebe_brachysiphon,36
Anemone_tomentosa,36
Acacia_saligna,36
Nephrolepis_abrupta,36
Hypericum_elodes,35
Anemone_pratensis,35
Ophrys_incubacea,35
Lactuca_saligna,35
Pelargonium_spp.,35
Pelargonium_alchemilloides,35
Mussaenda_philippica,35
Rhodothamnus_chamaecistus,34
Nothofagus_pumilio,34
Peperomia_graveolens,34
Barbarea_intermedia,34
Lupinus_micranthus,34
Hypericum_hypericoides,34
Sedum_hernandezii,34
Nymphaea_lotus,34
Dryopteris_dilatata,33
Phyllanthus_niruri,33
Cirsium_altissimum,33
Dryopteris_marginalis,33
Thapsia_garganica,33
Eritrichium_nanum,33
Lomatia_ferruginea,32
Sagotia_racemosa,32
Sedum_amplexicaule,32
Alocasia_reginula,32
Tradescantia_x_andersoniana,31
Fragaria_x_ananassa,31
Trifolium_nigrescens,31
Trinia_glauca,30
Kniphofia_linearifolia,30
Pelargonium_quinquelobatum,30
Acacia_mellifera,30
Metasequoia_glyptostroboides,30
Cirsium_dissectum,30
Stenocactus_multicostatus,30
Crotalaria_polysperma,30
Elephantopus_elatus,30
Nephrolepis_falcata,29
Acacia_tortilis,29
Adonis_flammea,29
Peperomia_verticillata,29
Elodea_canadensis,29
Fedia_graciliflora,29
Anemone_x_hybrida,29
Sedum_montanum,28
Vanilla_planifolia,28
Sedum_alpestre,28
Anthurium_scherzerianum,28
Lupinus_x_regalis,27
Herbertia_lahue,27
Fibigia_clypeata,27
Epipactis_muelleri,27
Papaver_atlanticum,27
Hypericum_prolificum,27
Epipactis_purpurata,27
Aspilia_mossambicensis,27
Balsamorhiza_sagittata,27
Cereus_forbesii,27
Acacia_drepanolobium,27
Peperomia_clusiifolia,27
Acacia_seyal,27
Phyllanthus_emblica,27
Harpachne_schimperi,27
Acacia_mangium,27
Vanilla_planifolia,27
Dryopteris_cristata,26
Chaerophyllum_villarsii,26
Cerbera_manghas,26
Cenchrus_purpureus,26
Pelargonium_x_asperum,26
Sedum_andegavense,26
Peperomia_pecuniifolia,25
Cereus_uruguayanus,25
Oxydendrum_arboreum,25
Crotalaria_juncea,25
Cyphostemma_serpens,25
Neolamarckia_cadamba,25
Peperomia_argyreia,25
Crotalaria_laburnifolia,25
Cedrela_odorata,25
Alcea_setosa,24
Paederia_foetida,24
Ophrys_occidentalis,24
Alocasia_macrorrhizos,24
Lupinus_texensis,24
Smilax_herbacea,24
Epipactis_leptochila,24
Cirsium_horridulum,24
Thesium_alpinum,24
Lactuca_tenerrima,24
Montanoa_hibiscifolia,23
Diatelia_tuberaria,23
Zamia_pumila,23
Limnanthes_douglasii,23
Stoebe_passerinoides,22
Comptonia_peregrina,22
Hypericum_punctatum,22
Luffa_cylindrica,22
Anemone_halleri,22
Leersia_oryzoides,22
Vangueria_madagascariensis,21
Lithops_olivacea,21
Hackelia_velutina,21
Egeria_densa,21
Guaiacum_officinale,21
Anemone_patens,21
Hebe_franciscana,21
Pyracantha_koidzumii,21
Gomphocarpus_integer,21
Anemone_palmata,21
Trifolium_alexandrinum,21
Lactuca_biennis,21
Daucus_pusillus,21
Cucurbita_foetidissima,20
Eucryphia_cordifolia,20
Tradescantia_occidentalis,20
Osmunda_cinnamomea,20
Leonitis_nepetifolia,20
Hypericum_canariense,20
Dendrobium_spp.,20
Nymphoides_indica,19
Nymphaea_ampla,19
Epipactis_microphylla,19
Lupinus_bicolor,19
Phalaris_minor,19
Fedia_cornucopiae,19
Cirsium_discolor,19
Lavandula_canariensis,19
Dryopteris_erythrosora,19
Sagittaria_graminea,19
Antirhea_borbonica,19
Cirsium_ferox,19
Acacia_xanthophloea,19
Neotinea_maculata,19
Lamium_bifidum,19
Dryopteris_expansa,18
Acacia_auriculiformis,18
Myosurus_minimus,18
Trachelospermum_asiaticum,18
Dryopteris_villarii,18
Nymphaea_mexicana,18
Ophrys_exaltata,18
Angelica_razulii,18
Pelargonium_odoratissimum,18
Anemone_montana,18
Hypericum_balearicum,18
Prosopis_juliflora,18
Alocasia_lauterbachiana,18
Urera_baccifera,18
Sedum_glaucophyllum,18
Phalaris_coerulescens,18
Sasa_palmata,17
Dryopteris_fragrans,17
Fragaria_virginiana,17
Smilax_tamnoides,17
Viscaria_alpina,17
Hypericum_tomentosum,17
Striga_asiatica,17
Dendrobium_crumenatum,17
Wigandia_caracasana,16
Acalypha_macrostachya,16
Papaver_rhaeticum,16
Sagittaria_montevidensis,16
Dischidia_nummularia,16
Lithops_aucampiae,16
Acacia_auriculiformis,16
Dendrobium_closterium,16
Conostomium_quadrangulare,16
Maytenus_boaria,16
Selenicereus_grandiflorus,16
Gynura_procumbens,16
Anisocampium_niponicum,16
Acalypha_aristata,15
Phyllanthus_phillyreifolius,15
Chaerophyllum_tainturieri,15
Schkuhria_pinnata,15
Trifolium_pallescens,15
Cymbalaria_aequitriloba,15
Dendrobium_anosmum,15
Barbarea_vulgaris,15
Crotalaria_incana,15
Cyrtanthus_elatus,15
Hypericum_linariifolium,15
Aeschynomene_americana,14
Cirsium_canum,14
Ophrys_bombyliflora,14
Groenlandia_densa,14
Pelargonium_tomentosum,14
Melilotus_sulcatus,14
Trifolium_cherleri,14
Mussaenda_frondosa,14
Lithops_marmorata,14
Mecardonia_procumbens,14
Iva_xanthiifolia,14
Calochortus_macrocarpus,14
Smilax_glauca,14
Aizoon_canariense,14
Lapageria_rosea,14
Daphne_sericea,14
Sagittaria_lancifolia,14
Xylopia_nitida,14
Lamium_garganicum,14
Sedum_furfuraceum,13
Faujasia_salicifolia,13
Daphne_tangutica,13
Sedum_allantoides,13
Nothofagus_nitida,13
Sedum_lanceolatum,13
Hypericum_frondosum,13
Wodyetia_bifurcata,13
Lupinus_perennis,13
Lavandula_pinnata,13
Galega_orientalis,13
Pelargonium_sidoides,13
Eranthemum_pulchellum,13
Dryopteris_aemula,13
Carthamus_caeruleus,13
Hypericum_kalmianum,13
Mertensia_ciliata,13
Acacia_brevispica,13
Brodiaea_elegans,13
Nothofagus_obliqua,13
Trifolium_patens,12
Guaiacum_sanctum,12
Illicium_floridanum,12
Tagetes_lemmonii,12
Dendrobium_thyrsiflorum,12
Melampodium_divaricatum,12
Sedum_villosum,12
Lupinus_argenteus,12
Trifolium_striatum,12
Phyllanthus_mimosoides,12
Thesium_pyrenaicum,12
Sedum_litoreum,12
Hypericum_australe,12
Lagenaria_sphaerica,12
Trifolium_spadiceum,12
Cenchrus_echinatus,12
Cenchrus_longispinus,12
Acacia_caven,12
Acacia_podalyriifolia,12
Patzkea_paniculata,12
Sedum_albomarginatum,12
Pelargonium_crispum,12
Acalypha_crenata,12
Vanilla_pompona,12
Hypericum_triquetrifolium,12
Asystasia_mysorensis,12
Illicium_verum,12
Sedum_multiceps,12
Geniostoma_borbonicum,11
Lithops_karasmontana,11
Schefflera_decaphylla,11
Cirsium_alsophilum,11
Nymphaea_tetragona,11
Anthurium_salvinii,11
Neobuxbaumia_polylopha,11
Trifolium_glomeratum,11
Astydamia_latifolia,11
Mauritia_flexuosa,11
Cyphostemma_juttae,11
Tagetes_lucida,11
Browallia_americana,11
Trifolium_lappaceum,11
Nepenthes_spp.,11
Adonis_pyrenaica,11
Iva_annua,11
Prosopis_farcta,11
Stanleya_pinnata,11
Sedum_laxum,11
Conostomium_kenyense,11
Nepenthes_mirabilis,11
Calodendrum_capense,11
Lupinus_nootkatensis,10
Dendrobium_chrysotoxum,10
Sedum_oreganum,10
Melampodium_leucanthum,10
Trifolium_scabrum,10
Anthurium_jenmanii,10
Acacia_angustissima,10
Thesium_linophyllon,10
Acacia_hockii,10
Pilosocereus_chrysostele,10
Acacia_spirorbis,10
Acacia_nilotica,10
Pogonophora_schomburgkiana,10
Cyphostemma_cyphopetalum,10
Noccaea_montana,10
Bellium_bellidioides,10
Leptinella_potentillina,10
Dalbergia_melanoxylon,10
Anthurium_veitchii,10
Hypericum_mutilum,10
Lavandula_spp.,10
Raphia_farinifera,10
Dryopteris_cristata,10
Cymbalaria_muralis,10
Alocasia_wentii,10
Fragaria_x_ananassa,10
Cirsium_undulatum,10
Melilotus_spicatus,10
Fragaria_virginiana,10
Erechtites_minima,10
Tagetes_lemmonii,9
Pelargonium_glechomoides,9
Erycina_pusilla,9
Lithops_fulviceps,9
Acacia_confluens,9
Ansellia_africana,9
Diervilla_sessilifolia,9
Smilax_anceps,9
Phalaris_paradoxa,9
Haplophyton_crooksii,9
Boscia_coriacea,9
Asystasia_gangetica,9
Nepenthes_x_neglecta,9
Alocasia_cuprea,9
Guarea_gomma,9
Acacia_etbaica,9
Xylopia_sericea,9
Rhodanthe_chlorocephala,9
Pelargonium_quercifolium,9
Adonis_microcarpa,9
Lactuca_macrophylla,9
Tradescantia_x_andersoniana,9
Acacia_tortuosa,9
Aralia_hispida,9
Nepenthes_alata,9
Trifolium_spumosum,9
Neotinea_conica,9
Ophrys_saratoi,9
Schefflera_actinophylla,9
Acalypha_integrifolia,9
Helicodiceros_muscivorus,9
Iva_frutescens,8
Hypericum_x_inodorum,8
Asystasia_charmian,8
Acacia_koaia,8
Hypericum_coris,8
Cirsium_muticum,8
Cirsium_foliosum,8
Schefflera_heptaphylla,8
Corispermum_pallasii,8
Guatteria_aeruginosa,8
Mitella_diphylla,8
Dendrobium_moschatum,8
Nothofagus_betuloides,8
Crotalaria_brevidens,8
Mazus_pumilus,8
Aralia_californica,8
Falcataria_moluccana,8
Ophrys_aveyronensis,8
Dalbergia_retusa,8
Ophrys_catalaunica,8
Lavandula_canariensis,8
Stemodia_verticillata,8
Boscia_angustifolia,8
Mertensia_paniculata,8
Boscia_mossambicensis,8
Anemone_vitifolia,8
Maytenus_ilicifolia,8
Anthurium_schlechtendalii,8
Dendrobium_aphyllum,8
Nothofagus_alpina,8
Crotalaria_verrucosa,7
Moehringia_pentandra,7
Phyllanthus_niruroides,7
Acalypha_hispida,7
Fernelia_buxifolia,7
Lupinus_nootkatensis,7
Dischidia_ovata,7
Wigandia_urens,7
Dendrobium_munificum,7
Vismia_cayennensis,7
Chamerion_latifolium,7
Aextoxicon_punctatum,7
Nymphaea_nouchali,7
Peperomia_tetragona,7
Schefflera_spp.,7
Guatteria_anteridifera,7
Paederota_bonarota,7
Maerua_angolensis,7
Ophrys_aymoninii,7
Zamia_furfuracea,7
Dalbergia_latifolia,7
Bourreria_costaricensis,7
Sedum_obtusatum,7
Ophrys_sulcata,7
Calochortus_gunnisonii,7
Barbarea_rupicola,7
Aphelandra_scabra,7
Goniolimon_tataricum,7
Hunnemannia_fumariifolia,7
Crotalaria_chrysochlora,7
Cirsium_morisianum,7
Anemone_multifida,7
Papaver_rupifragum,7
Crotalaria_spectabilis,7
Anthurium_warocqueanum,7
Macrosyringion_longiflorum,7
Cucurbita_ficifolia,7
Anthurium_faustomirandae,7
Hernandia_mascarenensis,6
Xylopia_frutescens,6
Ibicella_lutea,6
Crotalaria_deflersii,6
Sedum_decumbens,6
Tradescantia_subaspera,6
Caraipa_densifolia,6
Abeliophyllum_distichum,6
Danthonia_decumbens,6
Calycanthus_occidentalis,6
Sedum_pulchellum,6
Epipactis_phyllanthes,6
Ophrys_provincialis,6
Acacia_redolens,6
Cordyla_africana,6
Crotalaria_uguenensis,6
Alocasia_cucullata,6
Hypericum_empetrifolium,6
Piriqueta_cistoides,6
Calochortus_leichtlinii,6
Calochortus_luteus,6
Zaleya_pentandra,6
Aspilia_pluriseta,6
Prosopis_pallida,6
Cirsium_filipendulum,6
Vepris_lanceolata,6
Phyllanthus_reticulatus,6
Aizoanthemum_hispanicum,6
Selenicereus_anthonyanus,6
Breynia_vitis-idaea,6
Phyllanthus_epiphyllanthus,6
Acacia_confusa,6
Aphelandra_sinclairiana,6
Angostura_granulosa,6
Daucus_muricatus,6
Guatteria_citriodora,6
Aristea_abyssinica,6
Dracophyllum_verticillatum,6
Trifolium_micranthum,6
Maerua_triphylla,6
Dryopteris_wallichiana,6
Phyllanthus_suffrutescens,6
Acacia_berlandieri,6
Trifolium_pannonicum,6
Hypericum_tetrapetalum,6
Smilax_excelsa,6
Crotalaria_pumila,6
Lupinus_chamissonis,6
Tephrocactus_geometricus,6
Lupinus_formosus,6
Empetrum_rubrum,6
Sedum_cyaneum,6
Sedum_caespitosum,6
Calochortus_tolmiei,6
Arthraxon_hispidus,5
Pelargonium_echinatum,5
Microchloa_kunthii,5
Pterocephalus_perennis,5
Prosopis_alba,5
Guizotia_abyssinica,5
Mazus_pumilus,5
Pilocarpus_racemosus,5
Nepenthes_truncata,5
Aciotis_rubricaulis,5
Calylophus_hartwegii,5
Zannichellia_palustris,5
Entada_phaseoloides,5
Guatteria_punctata,5
Anthurium_crystallinum,5
Sedum_divergens,5
Moehringia_lateriflora,5
Hebe_ochracea,5
Angelica_lucida,5
Trifolium_squamosum,5
Trifolium_michelianum,5
Ophrys_lunulata,5
Mussaenda_arcuata,5
Sedum_annuum,5
Guatteria_dolichopoda,5
Stenanona_costaricensis,5
Schefflera_morototoni,5
Entada_gigas,5
Spergularia_rubra,5
Ophrys_morisii,5
Acacia_podalyriifolia,5
Melilotus_italicus,5
Alibertia_edulis,5
Dryopteris_cycadina,5
Daphne_oleoides,5
Liriodendron_chinensis,5
Aristea_ecklonii,5
Acacia_cognata,5
Bonafousia_undulata,5
Pelargonium_panduriforme,5
Nyctaginia_capitata,5
Ophrys_pseudoscolopax,5
Dalbergia_sissoo,5
Acacia_farnesiana,5
Phedimus_stellatus,5
Hypericum_revolutum,5
Pancratium_maritimum,5
Schkuhria_pinnata,5
Erianthemum_dregei,5
Limonia_acidissima,5
Peperomia_maculosa,5
Xylopia_crinita,5
Hypericum_hyssopifolium,5
Peperomia_columella,5
Asystasia_riparia,5
Aphelandra_aurantiaca,4
Uncinia_rubra,4
Adlumia_fungosa,4
Dendrobium_kingianum,4
Cenchrus_clandestinus,4
Margaritopsis_haematocarpa,4
Cedrela_fissilis,4
Bourreria_andrieuxii,4
Coussapoa_villosa,4
Anemone_pavoniana,4
Acacia_pravissima,4
Lupinus_pilosus,4
Nymphaea_rubra,4
Lupinus_cosentinii,4
Sedum_compressum,4
Cereus_hildmannianus,4
Trifolium_thalii,4
Hernandia_cordigera,4
Acacia_simplex,4
Dubouzetia_confusa,4
Dubouzetia_campanulata,4
Atractocarpus_platyxylon,4
Sedum_kamtschaticum,4
Maurandya_barclayana,4
Guatteria_amplifolia,4
Dryopteris_sieboldii,4
Pelargonium_capitatum,4
Ophrys_druentica,4
Chaerophyllum_aromaticum,4
Heteromorpha_arborescens,4
Cirsium_glabrum,4
Cryptopus_elatus,4
Cymbalaria_hepaticifolia,4
Cryptostegia_grandiflora,4
Maianthemum_trifolium,4
Leersia_virginica,4
Epipactis_gigantea,4
Dryopteris_carthusiana,4
Lavandula_x_intermedia,4
Lavandula_minutolii,4
Mercurialis_ambigua,4
Pilosocereus_royeni,4
Diascia_vigilis,4
Mussaenda_pubescens,4
Bourreria_succulenta,4
Pleurospermum_austriacum,4
Angelica_heterocarpa,4
Peperomia_dolabriformis,4
Sasa_palmata,4
Tagetes_lunulata,4
Calochortus_splendens,4
Sedum_moranense,4
Sedum_niveum,4
Smilax_laurifolia,4
Tradescantia_crassifolia,4
Xylococcus_bicolor,4
Calochortus_eurycarpus,4
Acacia_rigidula,4
Declieuxia_fruticosa,4
Vismia_sessilifolia,4
Vismia_macrophylla,4
Alocasia_baginda,4
Caraipa_punctulata,4
Oncostema_elongata,4
Coryphantha_elephantidens,4
Prosopis_pubescens,4
Anthurium_scandens,4
Lyonothamnus_floribundus,4
Dracontium_polyphyllum,4
Lupinus_subcarnosus,4
Lupinus_hirsutissimus,4
Lupinus_diffusus,4
Keckiella_cordifolia,4
Phyllanthus_fischeri,4
Barringtonia_acutangula,4
Smilax_china,4
Schinopsis_balansae,4
Freycinetia_cumingiana,4
Hernandia_nymphaeifolia,4
Melampodium_perfoliatum,4
Browallia_speciosa,4
Pancratium_canariense,4
Acacia_senegalensis,4
